{"cameraMode":{"drawMode":0,"name":"Shaded","section":"Shading Mode"},"sceneLighting":false,"audioPlay":false,"sceneViewState":{"showFog":true,"showMaterialUpdate":false,"showSkybox":false,"showFlares":true,"showImageEffects":true,"showParticleSystems":true},"in2DMode":false,"pivot":{"x":-0.016383320093154908,"y":1.6777513027191163,"z":0.03751802444458008},"rotation":{"x":0.012198233976960183,"y":0.9838971495628357,"z":-0.1623162478208542,"w":0.07393066585063935},"size":3.6278014183044435,"orthographic":false}