{"cameraMode":{"drawMode":0,"name":"Shaded","section":"Shading Mode"},"sceneLighting":false,"audioPlay":false,"sceneViewState":{"showFog":true,"showMaterialUpdate":true,"showSkybox":false,"showFlares":true,"showImageEffects":true,"showParticleSystems":true},"in2DMode":false,"pivot":{"x":2.6976113319396974,"y":0.9338172078132629,"z":0.9152881503105164},"rotation":{"x":-0.18746417760849,"y":-0.08591103553771973,"z":0.016484076157212259,"w":-0.9784060120582581},"size":0.6658519506454468,"orthographic":false}