{"cameraMode":{"drawMode":0,"name":"Shaded","section":"Shading Mode"},"sceneLighting":false,"audioPlay":false,"sceneViewState":{"showFog":true,"showMaterialUpdate":false,"showSkybox":true,"showFlares":true,"showImageEffects":true,"showParticleSystems":true},"in2DMode":false,"pivot":{"x":-0.25326013565063479,"y":0.7108778357505798,"z":0.00287473201751709},"rotation":{"x":-0.05540617182850838,"y":-0.805851399898529,"z":0.07638221234083176,"w":-0.5845919847488403},"size":1.153756856918335,"orthographic":false}