{"cameraMode":{"drawMode":0,"name":"Shaded","section":"Shading Mode"},"sceneLighting":false,"audioPlay":false,"sceneViewState":{"showFog":true,"showMaterialUpdate":true,"showSkybox":false,"showFlares":true,"showImageEffects":true,"showParticleSystems":true},"in2DMode":false,"pivot":{"x":3.016007423400879,"y":0.20994900166988374,"z":0.00930650345981121},"rotation":{"x":-0.09764859080314636,"y":-0.01134670339524746,"z":0.001122304587624967,"w":-0.995171844959259},"size":1.4464762210845948,"orthographic":false}