{"cameraMode":{"drawMode":0,"name":"Shaded","section":"Shading Mode"},"sceneLighting":false,"audioPlay":false,"sceneViewState":{"showFog":true,"showMaterialUpdate":true,"showSkybox":false,"showFlares":true,"showImageEffects":true,"showParticleSystems":true},"in2DMode":false,"pivot":{"x":0.001484692096710205,"y":1.0714679956436158,"z":-0.06995871663093567},"rotation":{"x":0.08120205253362656,"y":0.6200762391090393,"z":-0.06439755856990814,"w":0.7778404355049133},"size":1.4239675998687745,"orthographic":false}