{"cameraMode":{"drawMode":0,"name":"Shaded","section":"Shading Mode"},"sceneLighting":false,"audioPlay":false,"sceneViewState":{"showFog":true,"showMaterialUpdate":true,"showSkybox":false,"showFlares":true,"showImageEffects":true,"showParticleSystems":true},"in2DMode":false,"pivot":{"x":-0.0008070170879364014,"y":1.0039629936218262,"z":-0.0029632151126861574},"rotation":{"x":-0.010735456831753254,"y":0.9567822217941284,"z":-0.28844591975212099,"w":-0.035607531666755679},"size":2.3182172775268556,"orthographic":false}