{"cameraMode":{"drawMode":0,"name":"Shaded","section":"Shading Mode"},"sceneLighting":false,"audioPlay":false,"sceneViewState":{"showFog":true,"showMaterialUpdate":true,"showSkybox":true,"showFlares":true,"showImageEffects":true,"showParticleSystems":true},"in2DMode":false,"pivot":{"x":-0.9939999580383301,"y":0.041999995708465579,"z":0.9889999628067017},"rotation":{"x":-0.09317293018102646,"y":0.0005921000265516341,"z":-0.00005687642260454595,"w":-0.9956497550010681},"size":2.1434128284454347,"orthographic":false}