{"cameraMode":{"drawMode":0,"name":"Shaded","section":"Shading Mode"},"sceneLighting":false,"audioPlay":false,"sceneViewState":{"showFog":true,"showMaterialUpdate":true,"showSkybox":false,"showFlares":true,"showImageEffects":true,"showParticleSystems":true},"in2DMode":false,"pivot":{"x":1.8683593273162842,"y":1.5880085229873658,"z":1.912139892578125},"rotation":{"x":-0.19544604420661927,"y":0.6773390173912048,"z":-0.19403031468391419,"w":-0.6822165250778198},"size":0.6209328770637512,"orthographic":false}