{"cameraMode":{"drawMode":0,"name":"Shaded","section":"Shading Mode"},"sceneLighting":false,"audioPlay":false,"sceneViewState":{"showFog":true,"showMaterialUpdate":true,"showSkybox":true,"showFlares":true,"showImageEffects":true,"showParticleSystems":true},"in2DMode":false,"pivot":{"x":0.4825502336025238,"y":0.11532116681337357,"z":0.8063114881515503},"rotation":{"x":-0.11179135739803314,"y":0.11657801270484925,"z":-0.01320869941264391,"w":-0.9867815375328064},"size":3.043412923812866,"orthographic":false}