{"cameraMode":{"drawMode":0,"name":"Shaded","section":"Shading Mode"},"sceneLighting":false,"audioPlay":false,"sceneViewState":{"showFog":true,"showMaterialUpdate":true,"showSkybox":false,"showFlares":true,"showImageEffects":true,"showParticleSystems":true},"in2DMode":false,"pivot":{"x":0.9999974370002747,"y":0.31997108459472659,"z":-0.000025734305381774902},"rotation":{"x":-0.16898886859416963,"y":-0.009758244268596173,"z":0.0016819515731185675,"w":-0.9855842590332031},"size":1.693755030632019,"orthographic":false}