{"cameraMode":{"drawMode":0,"name":"Shaded","section":"Shading Mode"},"sceneLighting":false,"audioPlay":false,"sceneViewState":{"showFog":true,"showMaterialUpdate":true,"showSkybox":false,"showFlares":true,"showImageEffects":true,"showParticleSystems":true},"in2DMode":false,"pivot":{"x":2.0391581058502199,"y":0.45219600200653078,"z":1.9684507846832276},"rotation":{"x":-0.36418017745018008,"y":0.14221015572547913,"z":-0.05646407604217529,"w":-0.9187577962875366},"size":3.8744142055511476,"orthographic":false}