{"cameraMode":{"drawMode":0,"name":"Shaded","section":"Shading Mode"},"sceneLighting":false,"audioPlay":false,"sceneViewState":{"showFog":true,"showMaterialUpdate":false,"showSkybox":true,"showFlares":true,"showImageEffects":true,"showParticleSystems":true},"in2DMode":false,"pivot":{"x":-0.6165444850921631,"y":0.18609288334846497,"z":-0.6506069898605347},"rotation":{"x":0.21656876802444459,"y":0.029284432530403138,"z":-0.006493162363767624,"w":0.9758065342903137},"size":4.474100112915039,"orthographic":false}