{"cameraMode":{"drawMode":0,"name":"Shaded","section":"Shading Mode"},"sceneLighting":false,"audioPlay":false,"sceneViewState":{"showFog":true,"showMaterialUpdate":true,"showSkybox":false,"showFlares":true,"showImageEffects":true,"showParticleSystems":true},"in2DMode":false,"pivot":{"x":-0.010439693927764893,"y":0.43277835845947268,"z":-0.020776033401489259},"rotation":{"x":-0.19544604420661927,"y":0.6773390173912048,"z":-0.19403031468391419,"w":-0.6822165250778198},"size":0.6704593300819397,"orthographic":false}