{"cameraMode":{"drawMode":0,"name":"Shaded","section":"Shading Mode"},"sceneLighting":false,"audioPlay":false,"sceneViewState":{"showFog":true,"showMaterialUpdate":true,"showSkybox":false,"showFlares":true,"showImageEffects":true,"showParticleSystems":true},"in2DMode":false,"pivot":{"x":148.81716918945313,"y":-26.53317642211914,"z":92.0986557006836},"rotation":{"x":-0.3564424514770508,"y":-0.13358719646930695,"z":0.05179324373602867,"w":-0.9234710335731506},"size":15.032898902893067,"orthographic":false}