{"cameraMode":{"drawMode":0,"name":"Shaded","section":"Shading Mode"},"sceneLighting":true,"audioPlay":false,"sceneViewState":{"showFog":true,"showMaterialUpdate":true,"showSkybox":true,"showFlares":true,"showImageEffects":true,"showParticleSystems":true},"in2DMode":false,"pivot":{"x":1.5323164463043213,"y":-0.6767339706420898,"z":0.8130621910095215},"rotation":{"x":-0.40673738718032839,"y":-0.04233472794294357,"z":0.026196207851171495,"w":-0.9130950570106506},"size":2.2368011474609377,"orthographic":false}