{"cameraMode":{"drawMode":0,"name":"Shaded","section":"Shading Mode"},"sceneLighting":false,"audioPlay":false,"sceneViewState":{"showFog":true,"showMaterialUpdate":true,"showSkybox":false,"showFlares":true,"showImageEffects":true,"showParticleSystems":true},"in2DMode":false,"pivot":{"x":176.69700622558595,"y":-26.583301544189454,"z":91.88960266113281},"rotation":{"x":0.1671038717031479,"y":-0.5325412750244141,"z":0.10817207396030426,"w":0.822667121887207},"size":14.412068367004395,"orthographic":false}