{"cameraMode":{"drawMode":0,"name":"Shaded","section":"Shading Mode"},"sceneLighting":false,"audioPlay":false,"sceneViewState":{"showFog":true,"showMaterialUpdate":false,"showSkybox":false,"showFlares":true,"showImageEffects":true,"showParticleSystems":true},"in2DMode":false,"pivot":{"x":3.0168488025665285,"y":1.8930549621582032,"z":1.884371280670166},"rotation":{"x":-0.08729418367147446,"y":0.9126388430595398,"z":-0.2763247787952423,"w":-0.28832435607910159},"size":0.27062687277793887,"orthographic":false}