{"cameraMode":{"drawMode":0,"name":"Shaded","section":"Shading Mode"},"sceneLighting":false,"audioPlay":false,"sceneViewState":{"showFog":true,"showMaterialUpdate":true,"showSkybox":false,"showFlares":true,"showImageEffects":true,"showParticleSystems":true},"in2DMode":false,"pivot":{"x":-0.09737527370452881,"y":0.1379123479127884,"z":-0.39906296133995058},"rotation":{"x":-0.4486977159976959,"y":-0.006168427411466837,"z":0.003098077839240432,"w":-0.8936797380447388},"size":0.25026386976242068,"orthographic":false}