{"cameraMode":{"drawMode":0,"name":"Shaded","section":"Shading Mode"},"sceneLighting":false,"audioPlay":false,"sceneViewState":{"showFog":true,"showMaterialUpdate":true,"showSkybox":false,"showFlares":true,"showImageEffects":true,"showParticleSystems":true},"in2DMode":false,"pivot":{"x":-0.009999999776482582,"y":0.12099999934434891,"z":1.9800000190734864},"rotation":{"x":0.15078523755073548,"y":-0.6628642678260803,"z":0.1387900859117508,"w":0.7201509475708008},"size":1.5000174045562745,"orthographic":false}