{"cameraMode":{"drawMode":0,"name":"Shaded","section":"Shading Mode"},"sceneLighting":false,"audioPlay":false,"sceneViewState":{"showFog":true,"showMaterialUpdate":true,"showSkybox":false,"showFlares":true,"showImageEffects":true,"showParticleSystems":true},"in2DMode":false,"pivot":{"x":0.0013362467288970948,"y":0.3628424406051636,"z":-0.06296274065971375},"rotation":{"x":-0.14590691030025483,"y":0.0032776356674730779,"z":-0.0011567439651116729,"w":-0.9895390868186951},"size":2.3128468990325929,"orthographic":false}