{"cameraMode":{"drawMode":0,"name":"Shaded","section":"Shading Mode"},"sceneLighting":false,"audioPlay":false,"sceneViewState":{"showFog":true,"showMaterialUpdate":true,"showSkybox":false,"showFlares":true,"showImageEffects":true,"showParticleSystems":true},"in2DMode":false,"pivot":{"x":2.8132903575897219,"y":0.6096615791320801,"z":0.641800045967102},"rotation":{"x":-0.1682370901107788,"y":0.6305599212646484,"z":-0.14252117276191712,"w":-0.7442097067832947},"size":1.28766667842865,"orthographic":false}