{"cameraMode":{"drawMode":0,"name":"Shaded","section":"Shading Mode"},"sceneLighting":false,"audioPlay":false,"sceneViewState":{"showFog":true,"showMaterialUpdate":true,"showSkybox":false,"showFlares":true,"showImageEffects":true,"showParticleSystems":true},"in2DMode":false,"pivot":{"x":1.99782133102417,"y":0.3707052767276764,"z":1.6396520137786866},"rotation":{"x":0.016858631744980813,"y":0.9571792483329773,"z":-0.28355151414871218,"w":0.056896425783634189},"size":0.8250131011009216,"orthographic":false}